[{"id":"994404430707@s.whatsapp.net","limit":2},{"id":"6281534162316@s.whatsapp.net","limit":89},{"id":"6281352100237@s.whatsapp.net","limit":8},{"id":"6285697662826@s.whatsapp.net","limit":3},{"id":"6282126046864@s.whatsapp.net","limit":1},{"id":"6289647417373@s.whatsapp.net","limit":0},{"id":"62895360907411@s.whatsapp.net","limit":4},{"id":"6289601082404@s.whatsapp.net","limit":1},{"id":"6288221498673@s.whatsapp.net","limit":19},{"id":"6289601178858@s.whatsapp.net","limit":2},{"id":"6282262572982@s.whatsapp.net","limit":1},{"id":"6282327304548@s.whatsapp.net","limit":2},{"id":"6289678025914@s.whatsapp.net","limit":1},{"id":"6281262457069@s.whatsapp.net","limit":0},{"id":"6287744373249@s.whatsapp.net","limit":7},{"id":"6283899519042@s.whatsapp.net","limit":2},{"id":"6282154598322@s.whatsapp.net","limit":5},{"id":"6283857811275@s.whatsapp.net","limit":1},{"id":"6281211534690@s.whatsapp.net","limit":3},{"id":"6285760880871@s.whatsapp.net","limit":1},{"id":"6285742088184@s.whatsapp.net","limit":0},{"id":"6282181515020@s.whatsapp.net","limit":4},{"id":"6285707656155@s.whatsapp.net","limit":15},{"id":"6285977143920@s.whatsapp.net","limit":0},{"id":"6283834642148@s.whatsapp.net","limit":0}]