[{},{"id":"6281534162316@s.whatsapp.net","name":"Arnando","age":"15","time":"09/04 08:02:55","serial":"e093343993612dde7fbb"},{"id":"6281352100237@s.whatsapp.net","name":"Jack","age":"15","time":"09/04 08:07:33","serial":"034e418abe86248affd3"},{"id":"6282126046864@s.whatsapp.net","name":"Lucifer","age":"17","time":"09/04 08:43:29","serial":"4326f9986d7721dddd82"},{"id":"6285697662826@s.whatsapp.net","name":"ME","age":"18","time":"09/04 08:44:01","serial":"1b6949ddce51bb3528ed"},{"id":"6281262457069@s.whatsapp.net","name":"silva","age":"14","time":"09/04 09:41:03","serial":"f53d7798be33294897e7"},{"id":"6289647417373@s.whatsapp.net","name":"BintangP","age":"20","time":"09/04 10:35:19","serial":"a7a835d2172105308929"},{"id":"62895360907411@s.whatsapp.net","name":"alif","age":"12","time":"09/04 11:02:58","serial":"4287d9ae17ade4aa5ae5"},{"id":"6283899519042@s.whatsapp.net","name":"kimaru","age":"13","time":"09/04 11:03:31","serial":"40bc4a083639aca0c8d3"},{"id":"6289601082404@s.whatsapp.net","name":"bryan","age":"14","time":"09/04 11:20:42","serial":"b0bb9d599d8ce09629e6"},{"id":"6288221498673@s.whatsapp.net","name":"ceLLo Berpicis","age":"17","time":"09/04 13:25:06","serial":"e53a34173e539cbfc2e5"},{"id":"6289601178858@s.whatsapp.net","name":"lord kira","age":"17","time":"09/04 13:46:30","serial":"2db9be58786a97a70ef6"},{"id":"994404430707@s.whatsapp.net","name":"pely","age":"15","time":"09/04 15:02:13","serial":"fa7a0099dced49b3f847"},{"id":"628998739070@s.whatsapp.net","name":"ARIEFFF","age":"16","time":"09/04 15:23:39","serial":"7db6c62ec5b24f8977d1"},{"id":"6282262572982@s.whatsapp.net","name":"MrG{999P}","age":"29","time":"10/04 07:53:05","serial":"afa1de38787f40ad3a55"},{"id":"6282254187237@s.whatsapp.net","name":"Anme","age":"20","time":"10/04 07:53:55","serial":"732d689bb92c54af30ba"},{"id":"6285863725673@s.whatsapp.net","name":"ngentod","age":"18","time":"10/04 07:57:00","serial":"28072e507081f501c401"},{"id":"6282327304548@s.whatsapp.net","name":"YooGanz","age":"15","time":"10/04 07:57:22","serial":"b66e5d35c03ec87e62f8"},{"id":"6283834642148@s.whatsapp.net","name":"yoga","age":"20","time":"10/04 08:00:29","serial":"6f3450745490f1c04dbc"},{"id":"6282249099815@s.whatsapp.net","name":"…","age":"20","time":"10/04 08:39:00","serial":"dab2829e289a4ddadade"},{"id":"6289678025914@s.whatsapp.net","name":"Aline","age":" 19","time":"10/04 08:42:43","serial":"254b9d23625d65682058"},{"id":"6285727661860@s.whatsapp.net","name":"naufal saha?","age":"13","time":"10/04 10:50:45","serial":"8606210a5ca30a03346a"},{"id":"6287744373249@s.whatsapp.net","name":"Arfan","age":"12","time":"10/04 10:58:58","serial":"39a03c8f9e4ca3c0f3b8"},{"id":"6281585919364@s.whatsapp.net","name":"pakis","age":"31","time":"10/04 13:07:58","serial":"8c4c0ba6828cf131375e"},{"id":"6285328777139@s.whatsapp.net","name":"daff","age":"14","time":"10/04 13:10:30","serial":"dbbcdc7adb80b022d28d"},{"id":"6282288173503@s.whatsapp.net","name":"zerxo","age":"18","time":"10/04 13:11:13","serial":"170a5ce587aa01c4e0e2"},{"id":"6285797751927@s.whatsapp.net","name":"syfa","age":"15","time":"10/04 13:15:06","serial":"094679a97e6e319d8002"},{"id":"6282154598322@s.whatsapp.net","name":"Mina","age":"13","time":"10/04 13:18:43","serial":"07d39118274e433ccd2a"},{"id":"6281211534690@s.whatsapp.net","name":"sad boy bertopeng","age":"14","time":"10/04 13:34:50","serial":"af7787109c37b9637e7d"},{"id":"6283143417208@s.whatsapp.net","name":"Mrg{108P}","age":"18","time":"10/04 13:34:59","serial":"4c0305788e14b5ccd97c"},{"id":"6281281853862@s.whatsapp.net","name":"Royyan","age":"14","time":"10/04 13:44:28","serial":"971648ae7201973a4f8b"},{"id":"6285745513937@s.whatsapp.net","name":"nanda","age":"18","time":"10/04 13:45:22","serial":"cfa6fd4d59c3a6a56c3a"},{"id":"6283857811275@s.whatsapp.net","name":"Alii","age":"17","time":"10/04 13:45:52","serial":"0c102a0ab93969738954"},{"id":"6285760880871@s.whatsapp.net","name":"mr{1080p}","age":"17","time":"10/04 13:54:14","serial":"f4119bdc03a056759124"},{"id":"6285742088184@s.whatsapp.net","name":"p","age":"18","time":"10/04 14:14:19","serial":"77d1f24f10f1137d347a"},{"id":"6282181515020@s.whatsapp.net","name":"tai","age":"25","time":"10/04 18:05:13","serial":"11f35a45f60f6b37af9a"},{"id":"6281555430337@s.whatsapp.net","name":"Araaa","age":"15","time":"10/04 18:46:44","serial":"32fc9d36ab9df1071228"},{"id":"6285707656155@s.whatsapp.net","name":"seaa","age":"13","time":"11/04 09:41:18","serial":"641c909498ab06cbe5d3"}]